Workbook

Sheet Instructions
A1: CyberSaathi — Evaluation Results Workbook
A3: How to use this file
A4: 1. Run each session using docs/EVALUATION_MATERIALS.md. Fill one row of the 'Data' tab per participant (P1–P8).
A5: 2. Type into the pale-yellow cells only. The white columns on the right (Accuracy change, WITH mean, etc.) calculate automatically — do not edit them.
A6: 3. The 'Summary' tab updates itself as you enter data and gives the numbers for your evaluation chapter.
A8: What to enter in each column (Data tab)
A9: • Group (A/B): counterbalancing group from the materials (odd participants = A, even = B).
A10: • Pre / Post correct (0-8): how many of the 8 messages the participant judged correctly.
A11: • Pre / Post scams missed (0-4): how many actual scams they wrongly called 'safe' (the dangerous error).
A12: • RQ1 WITH / WITHOUT (0,1,2 each): comprehension score for the 3 with-explanation and 3 verdict-only messages.
A13: • Q1–Q6: questionnaire ratings, 1 (strongly disagree) to 5 (strongly agree).
A15: Example row (for format only — do NOT type this into the Data tab):
A17: Participant | B17: Group | C17: Pre correct | D17: Post correct | E17: Pre scams missed | F17: Post scams missed | G17: WITH (3) | H17: WITHOUT (3) | I17: Q1..Q6
A18: P1 | B18: A | C18: 5 | D18: 7 | E18: 2 | F18: 0 | G18: 2,2,1 | H18: 1,0,1 | I18: 4,5,4,5,4,5

Sheet Data
A1: Participant | B1: Group (A/B) | C1: Language | D1: Date | E1: Pre correct (0-8) | F1: Pre scams missed (0-4) | G1: Post correct (0-8) | H1: Post scams missed (0-4) | I1: RQ1 WITH 1 (0-2) | J1: RQ1 WITH 2 | K1: RQ1 WITH 3 | L1: RQ1 WITHOUT 1 (0-2) | M1: RQ1 WITHOUT 2 | N1: RQ1 WITHOUT 3 | O1: Q1 | P1: Q2 | Q1: Q3 | R1: Q4 | S1: Q5 | T1: Q6 | U1: Accuracy change | V1: Scams-missed change | W1: WITH mean | X1: WITHOUT mean | Y1: RQ1 diff (WITH-WITHOUT)
A2: P1 | U2: =IF(AND(E2="",G2=""),"",G2-E2) | V2: =IF(AND(F2="",H2=""),"",H2-F2) | W2: =IFERROR(AVERAGE(I2:K2),"") | X2: =IFERROR(AVERAGE(L2:N2),"") | Y2: =IFERROR(AVERAGE(I2:K2)-AVERAGE(L2:N2),"")
A3: P2 | U3: =IF(AND(E3="",G3=""),"",G3-E3) | V3: =IF(AND(F3="",H3=""),"",H3-F3) | W3: =IFERROR(AVERAGE(I3:K3),"") | X3: =IFERROR(AVERAGE(L3:N3),"") | Y3: =IFERROR(AVERAGE(I3:K3)-AVERAGE(L3:N3),"")
A4: P3 | U4: =IF(AND(E4="",G4=""),"",G4-E4) | V4: =IF(AND(F4="",H4=""),"",H4-F4) | W4: =IFERROR(AVERAGE(I4:K4),"") | X4: =IFERROR(AVERAGE(L4:N4),"") | Y4: =IFERROR(AVERAGE(I4:K4)-AVERAGE(L4:N4),"")
A5: P4 | U5: =IF(AND(E5="",G5=""),"",G5-E5) | V5: =IF(AND(F5="",H5=""),"",H5-F5) | W5: =IFERROR(AVERAGE(I5:K5),"") | X5: =IFERROR(AVERAGE(L5:N5),"") | Y5: =IFERROR(AVERAGE(I5:K5)-AVERAGE(L5:N5),"")
A6: P5 | U6: =IF(AND(E6="",G6=""),"",G6-E6) | V6: =IF(AND(F6="",H6=""),"",H6-F6) | W6: =IFERROR(AVERAGE(I6:K6),"") | X6: =IFERROR(AVERAGE(L6:N6),"") | Y6: =IFERROR(AVERAGE(I6:K6)-AVERAGE(L6:N6),"")
A7: P6 | U7: =IF(AND(E7="",G7=""),"",G7-E7) | V7: =IF(AND(F7="",H7=""),"",H7-F7) | W7: =IFERROR(AVERAGE(I7:K7),"") | X7: =IFERROR(AVERAGE(L7:N7),"") | Y7: =IFERROR(AVERAGE(I7:K7)-AVERAGE(L7:N7),"")
A8: P7 | U8: =IF(AND(E8="",G8=""),"",G8-E8) | V8: =IF(AND(F8="",H8=""),"",H8-F8) | W8: =IFERROR(AVERAGE(I8:K8),"") | X8: =IFERROR(AVERAGE(L8:N8),"") | Y8: =IFERROR(AVERAGE(I8:K8)-AVERAGE(L8:N8),"")
A9: P8 | U9: =IF(AND(E9="",G9=""),"",G9-E9) | V9: =IF(AND(F9="",H9=""),"",H9-F9) | W9: =IFERROR(AVERAGE(I9:K9),"") | X9: =IFERROR(AVERAGE(L9:N9),"") | Y9: =IFERROR(AVERAGE(I9:K9)-AVERAGE(L9:N9),"")

Sheet Summary
A1: CyberSaathi — Evaluation Summary (N = 8)
A3: Detection ability (RQ4)
A4: Mean pre-test correct (of 8) | B4: =IFERROR(AVERAGE(Data!E2:E9),"—") -> —
A5: Mean post-test correct (of 8) | B5: =IFERROR(AVERAGE(Data!G2:G9),"—") -> —
A6: Mean accuracy change (post − pre) | B6: =IFERROR(AVERAGE(Data!U2:U9),"—") -> —
A7: Mean scams missed — pre (of 4) | B7: =IFERROR(AVERAGE(Data!F2:F9),"—") -> —
A8: Mean scams missed — post (of 4) | B8: =IFERROR(AVERAGE(Data!H2:H9),"—") -> —
A9: Mean scams-missed change (post − pre) | B9: =IFERROR(AVERAGE(Data!V2:V9),"—") -> —
A10: Participants who improved (change > 0) | B10: =COUNTIF(Data!U2:U9,">0") -> 0
A12: Explanations & understanding (RQ1)
A13: Mean comprehension WITH explanation (0-2) | B13: =IFERROR(AVERAGE(Data!W2:W9),"—") -> —
A14: Mean comprehension WITHOUT explanation (0-2) | B14: =IFERROR(AVERAGE(Data!X2:X9),"—") -> —
A15: Mean difference (WITH − WITHOUT) | B15: =IFERROR(AVERAGE(Data!Y2:Y9),"—") -> —
A17: Questionnaire — mean rating (1-5)
A18: Q1 Explanations helped me understand why | B18: =IFERROR(AVERAGE(Data!O2:O9),"—") -> —
A19: Q2 Language was easy to understand | B19: =IFERROR(AVERAGE(Data!P2:P9),"—") -> —
A20: Q3 I trust the app's judgement | B20: =IFERROR(AVERAGE(Data!Q2:Q9),"—") -> —
A21: Q4 Nepali explanations were helpful | B21: =IFERROR(AVERAGE(Data!R2:R9),"—") -> —
A22: Q5 More confident spotting scams after use | B22: =IFERROR(AVERAGE(Data!S2:S9),"—") -> —
A23: Q6 Would use the app on my own phone | B23: =IFERROR(AVERAGE(Data!T2:T9),"—") -> —
